 39.42	14073376	14073376	U	0	unclassified
 60.58	21629211	31496	R	1	root
 60.43	21575011	7325	R1	131567	  cellular organisms
 60.41	21566790	620916	R2	2	    Bacteria
 45.14	16117721	229241	K	3379134	      Pseudomonadati
 44.07	15733631	302	K1	1783270	        FCB group
 44.07	15733329	3101	K2	68336	          Bacteroidota/Chlorobiota group
 44.06	15730228	406812	P	976	            Bacteroidota
 42.92	15323386	4544	C	200643	              Bacteroidia
 42.91	15318842	2644053	O	171549	                Bacteroidales
 27.55	9834709	767760	F	815	                  Bacteroidaceae
 15.42	5504845	1895350	G	816	                    Bacteroides
  5.74	2048570	2048570	S	28111	                      Bacteroides eggerthii
  1.97	702349	688452	S	820	                      Bacteroides uniformis
  0.04	13897	13897	S1	997890	                        Bacteroides uniformis CL03T12C37
  1.77	631186	631186	S	818	                      Bacteroides thetaiotaomicron
  0.21	74948	28291	G1	2646097	                      unclassified Bacteroides
  0.07	23629	23629	S	2025659	                        Bacteroides sp. KFT8
  0.02	8833	8833	S	2763022	                        Bacteroides sp. M10
  0.02	6611	6611	S	2847299	                        Bacteroides sp. DH3716P
  0.01	4045	4045	S	556259	                        Bacteroides sp. D2
  0.00	1312	1312	S	2785531	                        Bacteroides sp. HF-162
  0.00	1096	1096	S	2528203	                        Bacteroides sp. A1C1
  0.00	1084	1084	S	2755405	                        Bacteroides sp. CACC 737
  0.00	30	30	S	3096000	                        Bacteroides sp. CG01
  0.00	17	17	S	2709390	                        Bacteroides sp. ZJ-18
  0.13	45264	45251	S	817	                      Bacteroides fragilis
  0.00	11	11	S1	997879	                        Bacteroides fragilis CL03T12C07
  0.00	2	2	S1	295405	                        Bacteroides fragilis YCH46
  0.11	39055	33363	S	371601	                      Bacteroides xylanisolvens
  0.02	5692	5692	S1	657309	                        Bacteroides xylanisolvens XB1A
  0.09	33590	33590	S	28116	                      Bacteroides ovatus
  0.03	9301	9301	S	2650157	                      Bacteroides zhangwenhongii
  0.02	8598	8598	S	2763023	                      Bacteroides hominis
  0.01	4954	4954	S	338188	                      Bacteroides finegoldii
  0.01	3537	3537	S	2650158	                      Bacteroides luhongzhouii
  0.01	2590	2255	S	46506	                      Bacteroides stercoris
  0.00	335	335	S1	449673	                        Bacteroides stercoris ATCC 43183
  0.01	1812	1812	S	2792859	                      Bacteroides humanifaecis
  0.00	1001	1001	S	674529	                      Bacteroides faecis
  0.00	821	567	S	47678	                      Bacteroides caccae
  0.00	254	254	S1	997873	                        Bacteroides caccae CL03T12C61
  0.00	491	491	S	246787	                      Bacteroides cellulosilyticus
  0.00	427	427	S	1796613	                      Bacteroides caecimuris
  0.00	314	314	S	2763021	                      Bacteroides difficilis
  0.00	167	167	S	291645	                      Bacteroides nordii
  0.00	136	136	S	2715212	                      Bacteroides faecium
  0.00	131	131	S	3117552	                      Bacteroides maternus
  0.00	119	119	S	329854	                      Bacteroides intestinalis
  0.00	69	69	S	291644	                      Bacteroides salyersiae
  0.00	59	0	S	290053	                      Bacteroides helcogenes
  0.00	59	59	S1	693979	                        Bacteroides helcogenes P 36-108
  0.00	3	3	S	310300	                      Bacteroides pyogenes
  0.00	3	3	S	28119	                      Bacteroides zoogleoformans
  9.98	3562104	1231755	G	909656	                    Phocaeicola
  5.20	1858178	1858178	S	821	                      Phocaeicola vulgatus
  1.30	463970	463607	S	357276	                      Phocaeicola dorei
  0.00	363	363	S1	997877	                        Phocaeicola dorei CL03T12C01
  0.01	4100	0	S	376805	                      Phocaeicola salanitronis
  0.01	4100	4100	S1	667015	                        Phocaeicola salanitronis DSM 18170
  0.01	4098	4098	S	387090	                      Phocaeicola coprophilus
  0.00	3	0	S	310298	                      Phocaeicola coprocola
  0.00	3	3	S1	470145	                        Phocaeicola coprocola DSM 17136
  4.46	1592588	15	F	171550	                  Rikenellaceae
  4.46	1592573	325767	G	239759	                    Alistipes
  2.34	836014	813522	S	328814	                      Alistipes shahii
  0.06	22492	22492	S1	717959	                        Alistipes shahii WAL 8301
  0.82	294295	294295	S	2585118	                      Alistipes communis
  0.14	50444	50444	S	28117	                      Alistipes putredinis
  0.12	42183	40563	S	626932	                      Alistipes indistinctus
  0.00	1620	1620	S1	742725	                        Alistipes indistinctus YIT 12060
  0.05	16407	0	G1	538948	                      environmental samples
  0.05	16407	16407	S	538949	                        uncultured Alistipes sp.
  0.04	13358	11467	S	214856	                      Alistipes finegoldii
  0.01	1891	1891	S1	679935	                        Alistipes finegoldii DSM 17242
  0.01	3633	3633	S	2585119	                      Alistipes dispar
  0.01	3381	2648	S	328813	                      Alistipes onderdonkii
  0.00	733	733	S1	2585117	                        Alistipes onderdonkii subsp. vulgaris
  0.01	2974	2974	S	2364787	                      Alistipes megaguti
  0.01	2892	2892	S	1288121	                      Alistipes senegalensis
  0.00	1099	0	G1	2608932	                      unclassified Alistipes
  0.00	987	987	S	3132707	                        Alistipes sp. i18-0019-D1
  0.00	112	112	S	2662363	                        Alistipes sp. dk3624
  0.00	126	0	S	1470347	                      Alistipes ihumii
  0.00	126	126	S1	1211813	                        Alistipes ihumii AP11
  2.43	866082	54	F	2005525	                  Tannerellaceae
  2.43	866007	603779	G	375288	                    Parabacteroides
  0.71	253179	252499	S	823	                      Parabacteroides distasonis
  0.00	678	678	S1	435591	                        Parabacteroides distasonis ATCC 8503
  0.00	2	2	S1	999416	                        Parabacteroides distasonis CL03T12C09
  0.02	5669	5669	S	328812	                      Parabacteroides goldsteinii
  0.00	1417	1417	S	2685834	                      Parabacteroides chongii
  0.00	1116	1116	S	2951805	                      Parabacteroides absconsus
  0.00	768	768	S	46503	                      Parabacteroides merdae
  0.00	61	61	S	387661	                      Parabacteroides johnsonii
  0.00	14	0	G1	2649774	                      unclassified Parabacteroides
  0.00	14	14	S	2025876	                        Parabacteroides sp. CT06
  0.00	4	4	S	1217282	                      Parabacteroides faecis
  0.00	21	0	G	195950	                    Tannerella
  0.00	21	21	S	712710	                      Tannerella serpentiformis
  0.44	157601	44848	F	171552	                  Prevotellaceae
  0.28	101695	25967	G	2974251	                    Segatella
  0.21	75461	75171	S	165179	                      Segatella copri
  0.00	290	290	S1	537011	                        Segatella copri DSM 18205
  0.00	222	222	S	2518605	                      Segatella hominis
  0.00	44	44	S	77095	                      Segatella bryantii
  0.00	1	1	S	28135	                      Segatella oris
  0.01	4528	4112	G	838	                    Prevotella
  0.00	296	296	S	28128	                      Prevotella corporis
  0.00	102	58	G1	2638335	                      unclassified Prevotella
  0.00	43	43	S	2691580	                        Prevotella sp. Rep29
  0.00	1	0	S	652716	                        Prevotella sp. oral taxon 299
  0.00	1	1	S1	575614	                          Prevotella sp. oral taxon 299 str. F0039
  0.00	6	6	S	28125	                      Prevotella bivia
  0.00	2	2	S	28129	                      Prevotella denticola
  0.00	2	2	S	28132	                      Prevotella melaninogenica
  0.00	2	2	S	28133	                      Prevotella nigrescens
  0.00	2	2	S	28137	                      Prevotella veroralis
  0.00	2	2	S	1177574	                      Prevotella jejuni
  0.00	1	1	S	28131	                      Prevotella intermedia
  0.00	1	1	S	282402	                      Prevotella multiformis
  0.01	3482	0	G	2884814	                    Pseudoprevotella
  0.01	3482	3482	S	2133944	                      Pseudoprevotella muciniphila
  0.01	3042	111	G	577309	                    Paraprevotella
  0.01	2568	0	S	454155	                      Paraprevotella xylaniphila
  0.01	2568	2568	S1	762982	                        Paraprevotella xylaniphila YIT 11841
  0.00	363	363	S	454154	                      Paraprevotella clara
  0.00	6	0	G	2974257	                    Hoylesella
  0.00	6	6	S	28127	                      Hoylesella buccalis
  0.37	132085	18	F	1853231	                  Odoribacteraceae
  0.37	131755	40230	G	574697	                    Butyricimonas
  0.26	91201	91201	S	1472416	                      Butyricimonas faecihominis
  0.00	236	236	S	2093856	                      Butyricimonas faecalis
  0.00	56	56	S	1472417	                      Butyricimonas paravirosa
  0.00	32	32	S	544645	                      Butyricimonas virosa
  0.00	312	0	G	283168	                    Odoribacter
  0.00	312	312	S	28118	                      Odoribacter splanchnicus
  0.25	90211	22	F	2005519	                  Barnesiellaceae
  0.21	75376	20174	G	397864	                    Barnesiella
  0.09	33204	0	G1	2645177	                      unclassified Barnesiella
  0.09	33204	33204	S	1965590	                        Barnesiella sp. An22
  0.06	21846	0	S	397865	                      Barnesiella viscericola
  0.06	21846	21846	S1	880074	                        Barnesiella viscericola DSM 18177
  0.00	152	152	S	487174	                      Barnesiella intestinihominis
  0.04	14813	27	G	1348911	                    Coprobacter
  0.04	14783	0	S	1501392	                      Coprobacter secundus
  0.04	14783	14783	S1	2751153	                        Coprobacter secundus subsp. similis
  0.00	3	3	S	1099853	                      Coprobacter fastidiosus
  0.00	1462	3	F	2005473	                  Muribaculaceae
  0.00	824	0	G	2815786	                    Sodaliphilus
  0.00	824	824	S	2606626	                      Sodaliphilus pleomorphus
  0.00	631	1	G	2518495	                    Duncaniella
  0.00	630	630	S	2518971	                      Duncaniella dubosii
  0.00	4	0	G	1918540	                    Muribaculum
  0.00	2	2	S	1796646	                      Muribaculum intestinale
  0.00	2	2	S	2530390	                      Muribaculum gordoncarteri
  0.00	49	0	F	171551	                  Porphyromonadaceae
  0.00	49	0	G	836	                    Porphyromonas
  0.00	46	46	S	837	                      Porphyromonas gingivalis
  0.00	2	2	S	28124	                      Porphyromonas endodontalis
  0.00	1	0	S	28123	                      Porphyromonas asaccharolytica
  0.00	1	1	S1	879243	                        Porphyromonas asaccharolytica DSM 20707
  0.00	2	0	F	2005520	                  Dysgonomonadaceae
  0.00	2	0	G	307628	                    Petrimonas
  0.00	2	2	S	1642646	                      Petrimonas mucosa
  0.00	29	0	C	117743	              Flavobacteriia
  0.00	29	17	O	200644	                Flavobacteriales
  0.00	8	1	F	49546	                  Flavobacteriaceae
  0.00	6	2	G	237	                    Flavobacterium
  0.00	2	2	S	96345	                      Flavobacterium psychrophilum
  0.00	1	1	S	2518177	                      Flavobacterium sangjuense
  0.00	1	0	G1	196869	                      unclassified Flavobacterium
  0.00	1	1	S	3416605	                        Flavobacterium sp. MMS24-S5
  0.00	1	0	G	444459	                    Flagellimonas
  0.00	1	0	G1	2644544	                      unclassified Flagellimonas
  0.00	1	1	S	2058762	                        Flagellimonas sp.
  0.00	4	0	F	2762318	                  Weeksellaceae
  0.00	3	0	F1	2782232	                    Chryseobacterium group
  0.00	3	0	G	59732	                      Chryseobacterium
  0.00	3	0	G1	2593645	                        unclassified Chryseobacterium
  0.00	2	2	S	2487063	                          Chryseobacterium sp. G0162
  0.00	1	1	S	3379128	                          Chryseobacterium sp. M5
  0.00	1	1	G	501783	                    Cloacibacterium
  0.00	1	0	C	117747	              Sphingobacteriia
  0.00	1	0	O	200666	                Sphingobacteriales
  0.00	1	0	F	84566	                  Sphingobacteriaceae
  0.00	1	1	G	28453	                    Sphingobacterium
  0.40	141744	92	P	200940	        Thermodesulfobacteriota
  0.40	141652	0	C	3031449	          Desulfovibrionia
  0.40	141652	52	O	213115	            Desulfovibrionales
  0.40	141600	2320	F	194924	              Desulfovibrionaceae
  0.39	137959	0	G	35832	                Bilophila
  0.39	137959	137959	S	35833	                  Bilophila wadsworthia
  0.00	1002	3	G	872	                Desulfovibrio
  0.00	999	999	S	901	                  Desulfovibrio piger
  0.00	319	0	G	1981028	                Mailhella
  0.00	319	0	G1	1981030	                  environmental samples
  0.00	319	319	S	1981031	                    uncultured Mailhella sp.
  0.03	11164	5762	P	1224	        Pseudomonadota
  0.01	3241	104	C	1236	          Gammaproteobacteria
  0.01	2655	74	O	91347	            Enterobacterales
  0.01	2473	1004	F	543	              Enterobacteriaceae
  0.00	986	23	F1	2890311	                Klebsiella/Raoultella group
  0.00	931	885	G	570	                  Klebsiella
  0.00	30	8	G1	3390273	                    Klebsiella pneumoniae complex
  0.00	20	20	S	573	                      Klebsiella pneumoniae
  0.00	2	2	S	1463165	                      Klebsiella quasipneumoniae
  0.00	15	15	S	548	                    Klebsiella aerogenes
  0.00	1	1	S	2058152	                    Klebsiella grimontii
  0.00	32	31	G	160674	                  Raoultella
  0.00	1	1	S	575	                    Raoultella planticola
  0.00	217	211	G	544	                Citrobacter
  0.00	4	2	G1	1344959	                  Citrobacter freundii complex
  0.00	2	2	S	1639133	                    Citrobacter portucalensis
  0.00	2	1	G1	2644389	                  unclassified Citrobacter
  0.00	1	1	S	2742675	                    Citrobacter sp. RHBSTW-00986
  0.00	132	125	G	547	                Enterobacter
  0.00	7	2	G1	354276	                  Enterobacter cloacae complex
  0.00	5	3	S	158836	                    Enterobacter hormaechei
  0.00	2	2	S1	299766	                      Enterobacter hormaechei subsp. steigerwaltii
  0.00	63	32	G	561	                Escherichia
  0.00	31	31	S	562	                  Escherichia coli
  0.00	46	46	G	83654	                Leclercia
  0.00	18	12	G	1504576	                Pseudocitrobacter
  0.00	6	6	S	2891570	                  Pseudocitrobacter corydidari
  0.00	4	3	G	1330547	                Kosakonia
  0.00	1	1	S	208223	                  Kosakonia cowanii
  0.00	3	0	G	1330545	                Lelliottia
  0.00	3	3	S	61646	                  Lelliottia amnigena
  0.00	90	2	F	1903412	              Hafniaceae
  0.00	88	25	G	568	                Hafnia
  0.00	59	59	S	546367	                  Hafnia paralvei
  0.00	4	4	S	569	                  Hafnia alvei
  0.00	13	0	F	1903409	              Erwiniaceae
  0.00	9	4	G	53335	                Pantoea
  0.00	4	0	G1	1654067	                  Pantoea agglomerans group
  0.00	4	4	S	549	                    Pantoea agglomerans
  0.00	1	0	G1	2630326	                  unclassified Pantoea
  0.00	1	1	S	3028805	                    Pantoea sp. GABEPS69
  0.00	4	0	G	82986	                Tatumella
  0.00	4	4	S	82987	                  Tatumella ptyseos
  0.00	3	0	F	1903411	              Yersiniaceae
  0.00	3	0	G	34037	                Rahnella
  0.00	2	2	S	58169	                  Rahnella inusitata
  0.00	1	1	S	2703885	                  Rahnella aceris
  0.00	2	0	F	1903410	              Pectobacteriaceae
  0.00	2	1	G	122277	                Pectobacterium
  0.00	1	1	S	29471	                  Pectobacterium atrosepticum
  0.00	207	0	O	2887326	            Moraxellales
  0.00	207	4	F	468	              Moraxellaceae
  0.00	162	137	G	469	                Acinetobacter
  0.00	16	16	S	28090	                  Acinetobacter lwoffii
  0.00	4	4	S	40214	                  Acinetobacter johnsonii
  0.00	2	2	G1	909768	                  Acinetobacter calcoaceticus/baumannii complex
  0.00	2	1	G1	196816	                  unclassified Acinetobacter
  0.00	1	1	S	2725684	                    Acinetobacter sp. NEB149
  0.00	1	1	S	202956	                  Acinetobacter towneri
  0.00	36	1	G	1604696	                Faucicola
  0.00	35	35	S	34062	                  Faucicola osloensis
  0.00	5	0	G	497	                Psychrobacter
  0.00	3	2	G1	196806	                  unclassified Psychrobacter
  0.00	1	1	S	3414707	                    Psychrobacter sp. 219-2-C
  0.00	1	1	S	256325	                  Psychrobacter maritimus
  0.00	1	1	S	861445	                  Psychrobacter sanguinis
  0.00	124	0	O	72274	            Pseudomonadales
  0.00	124	3	F	135621	              Pseudomonadaceae
  0.00	117	99	G	286	                Pseudomonas
  0.00	9	8	G1	196821	                  unclassified Pseudomonas
  0.00	1	1	S	3401633	                    Pseudomonas sp. MAC6
  0.00	4	2	G1	136841	                  Pseudomonas aeruginosa group
  0.00	2	2	S	287	                    Pseudomonas aeruginosa
  0.00	2	0	G1	136843	                  Pseudomonas fluorescens group
  0.00	2	2	S	294	                    Pseudomonas fluorescens
  0.00	2	0	G1	136842	                  Pseudomonas chlororaphis group
  0.00	2	2	S	86185	                    Pseudomonas lundensis
  0.00	1	0	G1	136845	                  Pseudomonas putida group
  0.00	1	1	S	47885	                    Pseudomonas oryzihabitans
  0.00	4	0	G	2901164	                Stutzerimonas
  0.00	4	2	G1	136846	                  Stutzerimonas stutzeri group
  0.00	2	0	G2	578833	                    Stutzerimonas stutzeri subgroup
  0.00	2	2	S	316	                      Stutzerimonas stutzeri
  0.00	110	0	O	135625	            Pasteurellales
  0.00	110	3	F	712	              Pasteurellaceae
  0.00	53	0	G	155493	                Gallibacterium
  0.00	53	53	S	505341	                  Gallibacterium salpingitidis
  0.00	52	7	G	724	                Haemophilus
  0.00	43	43	S	729	                  Haemophilus parainfluenzae
  0.00	1	1	S	726	                  Haemophilus haemolyticus
  0.00	1	1	S	727	                  Haemophilus influenzae
  0.00	2	1	G	416916	                Aggregatibacter
  0.00	1	1	S	732	                  Aggregatibacter aphrophilus
  0.00	25	0	O	135614	            Lysobacterales
  0.00	25	1	F	32033	              Lysobacteraceae
  0.00	20	3	G	40323	                Stenotrophomonas
  0.00	13	11	G1	196198	                  unclassified Stenotrophomonas
  0.00	2	2	S	3027225	                    Stenotrophomonas sp. BIO128-Bstrain
  0.00	3	0	G1	995085	                  Stenotrophomonas maltophilia group
  0.00	3	3	S	40324	                    Stenotrophomonas maltophilia
  0.00	1	1	S	216778	                  Stenotrophomonas rhizophila
  0.00	2	1	G	338	                Xanthomonas
  0.00	1	1	S	339	                  Xanthomonas campestris
  0.00	2	2	G	83618	                Pseudoxanthomonas
  0.00	6	0	O	135615	            Cardiobacteriales
  0.00	6	0	F	868	              Cardiobacteriaceae
  0.00	6	0	G	2717	                Cardiobacterium
  0.00	4	0	G1	2648856	                  unclassified Cardiobacterium
  0.00	4	4	S	2866573	                    Cardiobacterium sp. Marseille-Q4385
  0.00	2	2	S	2718	                  Cardiobacterium hominis
  0.00	5	0	O	135624	            Aeromonadales
  0.00	5	0	F	84642	              Aeromonadaceae
  0.00	5	4	G	642	                Aeromonas
  0.00	1	1	S	648	                  Aeromonas caviae
  0.00	2	0	O	135613	            Chromatiales
  0.00	2	0	F	1046	              Chromatiaceae
  0.00	2	1	G	67575	                Rheinheimera
  0.00	1	0	G1	115860	                  unclassified Rheinheimera
  0.00	1	1	S	3019969	                    Rheinheimera sp. MM224
  0.00	2	0	O	135622	            Alteromonadales
  0.00	2	0	F	267890	              Shewanellaceae
  0.00	2	2	G	22	                Shewanella
  0.00	1	0	O	135619	            Oceanospirillales
  0.00	1	0	F	28256	              Halomonadaceae
  0.00	1	0	G	3137766	                Vreelandella
  0.00	1	1	S	77097	                  Vreelandella aquamarina
  0.01	1977	944	C	28216	          Betaproteobacteria
  0.00	980	238	O	80840	            Burkholderiales
  0.00	599	2	F	995019	              Sutterellaceae
  0.00	595	30	G	40544	                Sutterella
  0.00	539	539	S	40545	                  Sutterella wadsworthensis
  0.00	25	25	S	2584944	                  Sutterella faecalis
  0.00	1	1	S	2494234	                  Sutterella megalosphaeroides
  0.00	1	0	G	1918598	                Turicimonas
  0.00	1	1	S	1796652	                  Turicimonas muris
  0.00	1	0	G	1980697	                Duodenibacillus
  0.00	1	1	S	1852381	                  Duodenibacillus massiliensis
  0.00	72	1	F	75682	              Oxalobacteraceae
  0.00	60	0	G	846	                Oxalobacter
  0.00	60	60	S	2946593	                  Oxalobacter aliiformigenes
  0.00	9	4	F1	2895353	                Telluria group
  0.00	3	0	G	34069	                  Telluria
  0.00	3	3	S	3068633	                    Telluria beijingensis
  0.00	2	0	G	149698	                  Massilia
  0.00	1	1	S	945844	                    Massilia oculi
  0.00	1	0	G1	2609279	                    unclassified Massilia
  0.00	1	1	S	2861282	                      Massilia sp. NP310
  0.00	2	2	G	29580	                Janthinobacterium
  0.00	60	2	F	119060	              Burkholderiaceae
  0.00	35	0	G	47670	                Lautropia
  0.00	35	35	S	47671	                  Lautropia mirabilis
  0.00	20	19	G	48736	                Ralstonia
  0.00	1	1	S	329	                  Ralstonia pickettii
  0.00	3	2	G	32008	                Burkholderia
  0.00	1	0	G1	87882	                  Burkholderia cepacia complex
  0.00	1	1	S	87883	                    Burkholderia multivorans
  0.00	9	1	F	80864	              Comamonadaceae
  0.00	4	4	G	283	                Comamonas
  0.00	3	3	G	80865	                Delftia
  0.00	1	0	G	12916	                Acidovorax
  0.00	1	0	G1	2684926	                  unclassified Acidovorax
  0.00	1	1	S	3273430	                    Acidovorax sp. BLS4
  0.00	2	2	F	2975441	              Sphaerotilaceae
  0.00	53	0	O	206351	            Neisseriales
  0.00	53	3	F	481	              Neisseriaceae
  0.00	49	44	G	482	                Neisseria
  0.00	3	0	G1	2623750	                  unclassified Neisseria
  0.00	3	0	S	641148	                    Neisseria sp. oral taxon 014
  0.00	3	3	S1	641149	                      Neisseria sp. oral taxon 014 str. F0314
  0.00	1	1	S	33053	                  Neisseria perflava
  0.00	1	1	S	28449	                  Neisseria subflava
  0.00	1	0	G	32257	                Kingella
  0.00	1	1	S	502	                  Kingella denitrificans
  0.00	184	15	C	28211	          Alphaproteobacteria
  0.00	51	0	O	3120395	            Acetobacterales
  0.00	46	0	F	433	              Acetobacteraceae
  0.00	46	0	G	1434011	                Komagataeibacter
  0.00	46	46	S	65958	                  Komagataeibacter oboediens
  0.00	5	0	F	3385906	              Roseomonadaceae
  0.00	5	5	G	125216	                Roseomonas
  0.00	51	5	O	204455	            Rhodobacterales
  0.00	46	1	F	31989	              Paracoccaceae
  0.00	42	21	G	265	                Paracoccus
  0.00	14	14	S	59779	                  Paracoccus marcusii
  0.00	3	3	S	147645	                  Paracoccus yeei
  0.00	3	0	G1	2688777	                  unclassified Paracoccus (in: a-proteobacteria)
  0.00	2	2	S	2589076	                    Paracoccus sp. AK26
  0.00	1	1	S	3030011	                    Paracoccus sp. S3-43
  0.00	1	1	S	34004	                  Paracoccus aminovorans
  0.00	2	0	G	204456	                Gemmobacter
  0.00	2	2	S	2840474	                  Gemmobacter fulvus
  0.00	1	0	G	2831925	                Pukyongiella
  0.00	1	1	S	2605946	                  Pukyongiella litopenaei
  0.00	37	9	O	356	            Hyphomicrobiales
  0.00	11	2	F	82115	              Rhizobiaceae
  0.00	9	2	F1	227290	                Rhizobium/Agrobacterium group
  0.00	7	0	G	357	                  Agrobacterium
  0.00	7	6	G1	1183400	                    Agrobacterium tumefaciens complex
  0.00	1	1	S	358	                      Agrobacterium tumefaciens
  0.00	8	3	F	41294	              Nitrobacteraceae
  0.00	4	4	G	374	                Bradyrhizobium
  0.00	1	0	G	1073	                Rhodopseudomonas
  0.00	1	0	S	1076	                  Rhodopseudomonas palustris
  0.00	1	1	S1	316058	                    Rhodopseudomonas palustris HaA2
  0.00	6	1	F	119045	              Methylobacteriaceae
  0.00	3	3	G	407	                Methylobacterium
  0.00	2	0	G	2282523	                Methylorubrum
  0.00	2	2	S	408	                  Methylorubrum extorquens
  0.00	3	0	O1	119042	              Hyphomicrobiales incertae sedis
  0.00	3	0	G	1734920	                Pseudorhodoplanes
  0.00	3	3	S	1235591	                  Pseudorhodoplanes sinuspersici
  0.00	22	0	O	204458	            Caulobacterales
  0.00	22	0	F	76892	              Caulobacteraceae
  0.00	21	14	G	41275	                Brevundimonas
  0.00	7	3	G1	2622653	                  unclassified Brevundimonas
  0.00	3	3	S	3078084	                    Brevundimonas sp. S1H14
  0.00	1	1	S	1871086	                    Brevundimonas sp.
  0.00	1	1	G	75	                Caulobacter
  0.00	7	3	O	204457	            Sphingomonadales
  0.00	2	0	F	41297	              Sphingomonadaceae
  0.00	2	1	G	13687	                Sphingomonas
  0.00	1	1	S	68569	                  Sphingomonas leidyi
  0.00	2	0	F	3423717	              Sphingobiaceae
  0.00	2	1	G	165695	                Sphingobium
  0.00	1	1	S	13690	                  Sphingobium yanoikuyae
  0.00	1	0	O	766	            Rickettsiales
  0.00	1	0	F	775	              Rickettsiaceae
  0.00	1	0	F1	33988	                Rickettsieae
  0.00	1	0	G	2996317	                  Candidatus Tisiphia
  0.00	1	0	G1	2996318	                    unclassified Candidatus Tisiphia
  0.00	1	1	S	3066274	                      Candidatus Tisiphia endosymbiont of Metellina segmentata
  0.00	1171	0	P	203691	        Spirochaetota
  0.00	1171	0	C	203692	          Spirochaetia
  0.00	1171	0	O	136	            Spirochaetales
  0.00	1171	0	F	2845253	              Treponemataceae
  0.00	1171	1093	G	157	                Treponema
  0.00	45	45	S	158	                  Treponema denticola
  0.00	17	17	S	221027	                  Treponema putidum
  0.00	13	13	S	58231	                  Treponema medium
  0.00	2	2	S	69710	                  Treponema vincentii
  0.00	1	1	S	2787628	                  Treponema peruense
  0.00	738	0	K1	1783257	        PVC group
  0.00	737	0	P	74201	          Verrucomicrobiota
  0.00	737	0	C	203494	            Verrucomicrobiia
  0.00	737	0	O	48461	              Verrucomicrobiales
  0.00	737	0	F	1647988	                Akkermansiaceae
  0.00	737	405	G	239934	                  Akkermansia
  0.00	321	321	S	239935	                    Akkermansia muciniphila
  0.00	8	0	G1	2608915	                    unclassified Akkermansia
  0.00	8	8	S	3414159	                      Akkermansia sp. JRP_AM1
  0.00	3	3	S	2927224	                    Akkermansia massiliensis
  0.00	1	0	P	203682	          Planctomycetota
  0.00	1	0	C	203683	            Planctomycetia
  0.00	1	0	O	2691354	              Pirellulales
  0.00	1	0	F	2691357	                Pirellulaceae
  0.00	1	0	G	123	                  Pirellula
  0.00	1	0	G1	2639138	                    unclassified Pirellula
  0.00	1	1	S	1632865	                      Pirellula sp. SH-Sr6A
  0.00	32	0	P	29547	        Campylobacterota
  0.00	32	0	C	3031852	          Epsilonproteobacteria
  0.00	32	0	O	213849	            Campylobacterales
  0.00	32	0	F	72294	              Campylobacteraceae
  0.00	32	0	G	194	                Campylobacter
  0.00	27	27	S	824	                  Campylobacter gracilis
  0.00	2	2	S	195	                  Campylobacter coli
  0.00	2	2	S	199	                  Campylobacter concisus
  0.00	1	1	S	76517	                  Campylobacter hominis
 13.52	4827443	58675	K	1783272	      Bacillati
 12.47	4452471	228842	P	1239	        Bacillota
 11.77	4201513	634602	C	186801	          Clostridia
  7.01	2503744	29685	O	186802	            Eubacteriales
  6.69	2389129	102614	F	216572	              Oscillospiraceae
  5.52	1969313	1663213	G	216851	                Faecalibacterium
  0.44	155740	148146	S	853	                  Faecalibacterium prausnitzii
  0.02	5396	5396	S1	657322	                    Faecalibacterium prausnitzii SL3/3
  0.01	2198	2198	S1	718252	                    Faecalibacterium prausnitzii L2-6
  0.15	53831	53831	S	411483	                  Faecalibacterium duncaniae
  0.15	52584	16333	G1	2646395	                  unclassified Faecalibacterium
  0.03	9788	9788	S	2929495	                    Faecalibacterium sp. I4-3-84
  0.02	8333	8333	S	2929493	                    Faecalibacterium sp. I3-3-89
  0.01	4940	4940	S	2929489	                    Faecalibacterium sp. IP-3-29
  0.01	3681	3681	S	2929490	                    Faecalibacterium sp. I2-3-92
  0.01	2864	2864	S	2929488	                    Faecalibacterium sp. IP-1-18
  0.01	2517	2517	S	2929494	                    Faecalibacterium sp. I4-1-79
  0.00	1670	1670	S	3141184	                    Faecalibacterium sp. i21-0019-B1
  0.00	1383	1383	S	3402017	                    Faecalibacterium sp. 7
  0.00	722	722	S	2929492	                    Faecalibacterium sp. I3-3-33
  0.00	353	353	S	3141185	                    Faecalibacterium sp. i25-0019-C1
  0.11	37987	37987	S	3030638	                  Faecalibacterium taiwanense
  0.01	5037	5037	S	2881265	                  Faecalibacterium hominis (ex Afrizal et al. 2022)
  0.00	921	921	S	2929491	                  Faecalibacterium wellingii
  0.32	114822	0	G	946234	                Flavonifractor
  0.32	114822	114822	S	292800	                  Flavonifractor plautii
  0.25	90611	0	G	2172004	                Lawsonibacter
  0.25	90611	90611	S	2108523	                  Lawsonibacter asaccharolyticus
  0.12	43579	1687	G	2892396	                Vescimonas
  0.11	39299	39299	S	2714355	                  Vescimonas coprocola
  0.01	2593	2593	S	2714353	                  Vescimonas fastidiosa
  0.05	16245	3379	G	292632	                Subdoligranulum
  0.03	11545	11545	S	214851	                  Subdoligranulum variabile
  0.00	1321	0	G1	512297	                  environmental samples
  0.00	1321	1321	S	512298	                    uncultured Subdoligranulum sp.
  0.04	14216	0	G	2892397	                Pusillibacter
  0.04	14216	14216	S	2714358	                  Pusillibacter faecalis
  0.03	11158	11	G	1263	                Ruminococcus
  0.03	10720	176	G1	2608920	                  unclassified Ruminococcus
  0.03	10530	10530	S	657323	                    Ruminococcus sp. SR1/5
  0.00	14	14	S	3233381	                    Ruminococcus sp. JL13D9
  0.00	211	211	S	1160721	                  Ruminococcus bicirculans (ex Wegman et al. 2014)
  0.00	130	130	S	1161942	                  Ruminococcus champanellensis
  0.00	81	81	S	40519	                  Ruminococcus callidus
  0.00	5	5	S	2564099	                  Ruminococcus bovis
  0.03	9765	4	G	459786	                Oscillibacter
  0.02	5777	5777	S	2763056	                  Oscillibacter hominis
  0.01	3984	0	G1	2629304	                  unclassified Oscillibacter
  0.01	3984	3984	S	2109687	                    Oscillibacter sp. PEA192
  0.02	6205	0	G	244127	                Anaerotruncus
  0.02	6205	6205	S	169435	                  Anaerotruncus colihominis
  0.01	4994	0	G	2591381	                Dysosmobacter
  0.01	4994	4994	S	2093857	                  Dysosmobacter welbionis
  0.01	3214	0	G	1905344	                Ruthenibacterium
  0.01	3214	3214	S	1550024	                  Ruthenibacterium lactatiformans
  0.00	1129	0	G	3393728	                Owariibacterium
  0.00	1129	1129	S	3136601	                  Owariibacterium komagatae
  0.00	1106	0	G	1017280	                Pseudoflavonifractor
  0.00	1106	1106	S	2779352	                  Pseudoflavonifractor gallinarum
  0.00	82	0	G	1637257	                Mageeibacillus
  0.00	82	0	S	884684	                  Mageeibacillus indolicus
  0.00	82	82	S1	699246	                    Mageeibacillus indolicus UPII9-5
  0.00	54	54	G	2834348	                Caproicibacterium
  0.00	11	0	G	3079925	                Amygdalobacter
  0.00	11	11	S	3029274	                  Amygdalobacter nucleatus
  0.00	9	0	G	2842531	                Solibaculum
  0.00	9	9	S	2780922	                  Solibaculum mannosilyticum
  0.00	2	0	G	35829	                Acetivibrio
  0.00	2	2	S	1677857	                  Acetivibrio saccincola
  0.18	65358	1	F	186806	              Eubacteriaceae
  0.18	65354	304	G	1730	                Eubacterium
  0.13	45578	45578	S	39490	                  Eubacterium ramulus
  0.05	17832	17832	S	39496	                  Eubacterium ventriosum
  0.00	1356	1356	S	2041044	                  Eubacterium maltosivorans
  0.00	219	219	S	53442	                  Eubacterium callanderi
  0.00	35	35	S	1736	                  Eubacterium limosum
  0.00	17	0	G1	3100185	                  unclassified Eubacterium
  0.00	17	17	S	3381348	                    Eubacterium sp. F2
  0.00	13	0	G1	2624479	                  unclassified Eubacterium (in: firmicutes)
  0.00	13	13	S	2841528	                    Eubacterium sp. MSJ-33
  0.00	2	0	G	264995	                Anaerofustis
  0.00	2	2	S	214853	                  Anaerofustis stercorihominis
  0.00	1	0	G	113286	                Pseudoramibacter
  0.00	1	1	S	113287	                  Pseudoramibacter alactolyticus
  0.03	9268	34	O1	538999	              Eubacteriales incertae sedis
  0.02	7161	0	G	1918454	                Flintibacter
  0.02	7161	0	G1	2610894	                  unclassified Flintibacter
  0.02	7161	7161	S	2610895	                    Flintibacter sp. KGMB00164
  0.01	2073	0	G	1392389	                Intestinimonas
  0.01	2073	2073	S	1297617	                  Intestinimonas butyriciproducens
  0.01	5296	3585	F	3085642	              Butyricicoccaceae
  0.00	1364	1	G	2048137	                Agathobaculum
  0.00	1004	0	G1	2620324	                  unclassified Agathobaculum
  0.00	1004	1004	S	3079302	                    Agathobaculum sp. NTUH-O15-33
  0.00	359	359	S	3014267	                  Agathobaculum massiliense
  0.00	203	2	G	580596	                Butyricicoccus
  0.00	167	0	G1	2633649	                  unclassified Butyricicoccus
  0.00	167	167	S	2109686	                    Butyricicoccus sp. GAM44
  0.00	34	34	S	1945634	                  Butyricicoccus porcorum
  0.00	144	0	G	1928820	                Intestinibacillus
  0.00	144	0	G1	2635293	                  unclassified Intestinibacillus
  0.00	144	144	S	3079303	                    Intestinibacillus sp. NTUH-41-i26
  0.01	4895	6	F	31979	              Clostridiaceae
  0.01	4349	763	G	1485	                Clostridium
  0.01	2910	1	G1	2614128	                  unclassified Clostridium
  0.00	1658	1658	S	1042156	                    Clostridium sp. SY8519
  0.00	1236	1236	S	411486	                    Clostridium sp. M62/1
  0.00	8	8	S	3373596	                    Clostridium sp. 10cd*
  0.00	7	7	S	1155388	                    Clostridium sp. C1
  0.00	591	591	S	1522	                  [Clostridium] innocuum
  0.00	80	80	S	1502	                  Clostridium perfringens
  0.00	5	5	S	1529	                  Clostridium cadaveris
  0.00	538	0	G	420345	                Lactonifactor
  0.00	538	538	S	341220	                  Lactonifactor longoviformis
  0.00	2	0	G	1266	                Sarcina
  0.00	2	2	S	2726954	                  Candidatus Sarcina troglodytae
  0.00	108	0	F	3082771	              Acutalibacteraceae
  0.00	108	0	G	1918385	                Acutalibacter
  0.00	108	108	S	1796620	                  Acutalibacter muris
  0.00	5	0	F	3046368	              Aristaeellaceae
  0.00	5	5	G	3046369	                Aristaeella
  2.97	1061808	781	O	3085636	            Lachnospirales
  2.97	1061012	169738	F	186803	              Lachnospiraceae
  0.81	288040	0	G	1766253	                Agathobacter
  0.81	288040	283077	S	39491	                  Agathobacter rectalis
  0.01	2749	2749	S1	657318	                    Agathobacter rectalis DSM 17629
  0.01	2214	2214	S1	657317	                    Agathobacter rectalis M104/1
  0.68	242654	79989	G	572511	                Blautia
  0.33	116180	98381	S	418240	                  Blautia wexlerae
  0.05	17799	17799	S1	1121115	                    Blautia wexlerae DSM 19850
  0.05	19045	8855	S	40520	                  Blautia obeum
  0.03	9515	9515	S1	657314	                    Blautia obeum A2-162
  0.00	675	675	S1	411459	                    Blautia obeum ATCC 29174
  0.02	8438	0	G1	2648079	                  unclassified Blautia
  0.02	8438	8438	S	2479767	                    Blautia sp. SC05B48
  0.02	8237	8237	S	1737424	                  Blautia massiliensis (ex Durand et al. 2017)
  0.02	6699	168	S	53443	                  Blautia hydrogenotrophica
  0.02	6531	6531	S1	476272	                    Blautia hydrogenotrophica DSM 10507
  0.01	2817	2817	S	89014	                  Blautia luti
  0.00	801	185	S	1322	                  Blautia hansenii
  0.00	616	616	S1	537007	                    Blautia hansenii DSM 20583
  0.00	356	356	S	33035	                  Blautia producta
  0.00	61	61	S	1912897	                  Blautia argi
  0.00	21	21	S	2779518	                  Blautia liquoris
  0.00	6	6	S	2877527	                  Blautia parvula
  0.00	4	4	S	1796616	                  Blautia pseudococcoides
  0.36	129167	2198	G	841	                Roseburia
  0.34	120975	120975	S	301302	                  Roseburia faecis
  0.01	4355	3877	S	166486	                  Roseburia intestinalis
  0.00	404	404	S1	718255	                    Roseburia intestinalis XB6B4
  0.00	74	74	S1	657315	                    Roseburia intestinalis M50/1
  0.00	1361	1361	S	301301	                  Roseburia hominis
  0.00	167	0	G1	2637578	                  unclassified Roseburia
  0.00	103	103	S	1261634	                    Roseburia sp. 499
  0.00	64	64	S	1261635	                    Roseburia sp. 831b
  0.00	111	111	S	2763062	                  Roseburia rectibacter
  0.19	69137	25370	G	2316020	                Mediterraneibacter
  0.05	17946	0	S	46228	                  [Ruminococcus] lactaris
  0.05	17946	17946	S1	471875	                    [Ruminococcus] lactaris ATCC 29176
  0.03	12373	12373	S	33038	                  Mediterraneibacter gnavus
  0.02	7594	325	S	33039	                  [Ruminococcus] torques
  0.02	7269	7269	S1	657313	                    [Ruminococcus] torques L2-14
  0.01	5162	5162	S	592978	                  Mediterraneibacter faecis
  0.00	692	692	S	342942	                  Mediterraneibacter glycyrrhizinilyticus
  0.18	63398	177	G	33042	                Coprococcus
  0.10	35539	35539	S	410072	                  Coprococcus comes
  0.07	26263	26263	S	116085	                  Coprococcus catus
  0.00	806	806	S	33043	                  Coprococcus eutactus
  0.00	613	0	G1	2684943	                  unclassified Coprococcus
  0.00	613	613	S	751585	                    Coprococcus sp. ART55/1
  0.15	53579	9903	G	189330	                Dorea
  0.09	32052	32052	S	88431	                  Dorea longicatena
  0.03	9270	9270	S	39486	                  Dorea formicigenerans
  0.01	2354	2354	S	2981789	                  Dorea amylophila
  0.05	17126	188	G	207244	                Anaerostipes
  0.05	16920	16783	S	649756	                  Anaerostipes hadrus
  0.00	137	137	S1	649757	                    Anaerostipes hadrus ATCC 29173 = JCM 17467
  0.00	18	17	S	105841	                  Anaerostipes caccae
  0.00	1	1	S1	411490	                    Anaerostipes caccae L1-92
  0.02	7845	0	G	28050	                Lachnospira
  0.02	7845	7845	S	39485	                  Lachnospira eligens
  0.02	6489	0	G	2944193	                Simiaoa
  0.02	6489	6489	S	2763672	                  Simiaoa sunii
  0.01	3807	6	G	1506553	                Lachnoclostridium
  0.01	3722	3722	S	29347	                  [Clostridium] scindens
  0.00	76	76	S	89153	                  [Clostridium] hylemonae
  0.00	3	0	S	66219	                  Lachnoclostridium phytofermentans
  0.00	3	3	S1	357809	                    Lachnoclostridium phytofermentans ISDg
  0.01	2738	0	G	2944198	                Wansuia
  0.01	2738	2738	S	2763667	                  Wansuia hejianensis
  0.00	1464	139	G	2719313	                Enterocloster
  0.00	604	0	S	333367	                  Enterocloster asparagiformis
  0.00	604	604	S1	518636	                    [Clostridium] asparagiforme DSM 15981
  0.00	397	397	S	208479	                  Enterocloster bolteae
  0.00	250	250	S	1531	                  Enterocloster clostridioformis
  0.00	74	74	S	460384	                  Enterocloster lavalensis
  0.00	1213	453	G	2569097	                Anaerobutyricum
  0.00	760	760	S	39488	                  Anaerobutyricum hallii
  0.00	979	0	G	2719231	                Lacrimispora
  0.00	951	951	S	84030	                  Lacrimispora saccharolytica
  0.00	28	0	G1	2719232	                  unclassified Lacrimispora
  0.00	28	28	S	3375704	                    Lacrimispora sp. HJ-01
  0.00	914	19	G	1649459	                Hungatella
  0.00	776	0	G1	2613923	                  unclassified Hungatella
  0.00	776	776	S	2937758	                    Hungatella sp. SB206
  0.00	119	112	S	154046	                  Hungatella hathewayi
  0.00	7	7	S1	742737	                    Hungatella hathewayi WAL-18680
  0.00	795	4	G	1769710	                Sellimonas
  0.00	418	418	S	2994035	                  Sellimonas catena
  0.00	222	222	S	2592333	                  Sellimonas caecigallum
  0.00	151	151	S	1653434	                  Sellimonas intestinalis
  0.00	764	0	G	1432051	                Eisenbergiella
  0.00	764	764	S	2652274	                  Eisenbergiella porci
  0.00	386	0	G	2944152	                Wujia
  0.00	386	386	S	2763670	                  Wujia chipingensis
  0.00	187	0	G	3342669	                Eshraghiella
  0.00	187	187	S	45851	                  Eshraghiella crossota
  0.00	180	0	G	248744	                Marvinbryantia
  0.00	180	0	S	168384	                  Marvinbryantia formatexigens
  0.00	180	180	S1	478749	                    Marvinbryantia formatexigens DSM 14469
  0.00	139	0	G	3031933	                Chordicoccus
  0.00	139	139	S	2709410	                  Chordicoccus furentiruminis
  0.00	107	0	G	1213720	                Stomatobaculum
  0.00	107	0	G1	2643635	                  unclassified Stomatobaculum
  0.00	107	107	S	3059030	                    Stomatobaculum sp. F0698
  0.00	66	0	G	2941495	                Otoolea
  0.00	66	66	S	1512	                  [Clostridium] symbiosum
  0.00	43	0	G	3076670	                Claveliimonas
  0.00	43	43	S	3028070	                  Claveliimonas bilis
  0.00	17	0	G	2005355	                Faecalimonas
  0.00	17	17	S	1912855	                  Faecalimonas umbilicata
  0.00	15	0	G	2944195	                Qiania
  0.00	15	15	S	2763669	                  Qiania dongpingensis
  0.00	12	0	G	2888809	                Novisyntrophococcus
  0.00	12	12	S	2068655	                  Novisyntrophococcus fermenticellae
  0.00	4	0	G	830	                Butyrivibrio
  0.00	3	0	G1	2639466	                  unclassified Butyrivibrio
  0.00	3	3	S	3236815	                    Butyrivibrio sp. JL13D10
  0.00	1	0	S	43305	                  Butyrivibrio proteoclasticus
  0.00	1	1	S1	515622	                    Butyrivibrio proteoclasticus B316
  0.00	4	1	G	1164882	                Lachnoanaerobaculum
  0.00	2	2	S	2490855	                  Lachnoanaerobaculum gingivalis
  0.00	1	1	S	617123	                  Lachnoanaerobaculum umeaense
  0.00	2	0	G	2163168	                Kineothrix
  0.00	2	2	S	3123317	                  Kineothrix sedimenti
  0.00	2	0	G	3073585	                Hominifimenecus
  0.00	2	0	G1	3073590	                  unclassified Hominifimenecus
  0.00	2	2	S	3242979	                    Hominifimenecus sp. rT4P-3
  0.00	1	1	G	1843210	                Anaerocolumna
  0.00	15	0	F	3018741	              Cellulosilyticaceae
  0.00	15	0	G	698776	                Cellulosilyticum
  0.00	15	0	G1	2643091	                  unclassified Cellulosilyticum
  0.00	15	15	S	2497860	                    Cellulosilyticum sp. WCF-2
  0.00	837	0	O	3082720	            Peptostreptococcales
  0.00	632	8	F	186804	              Peptostreptococcaceae
  0.00	597	0	G	1870884	                Clostridioides
  0.00	597	597	S	1496	                  Clostridioides difficile
  0.00	19	0	G	1505657	                Intestinibacter
  0.00	19	19	S	261299	                  Intestinibacter bartlettii
  0.00	6	0	G	1257	                Peptostreptococcus
  0.00	6	6	S	1261	                  Peptostreptococcus anaerobius
  0.00	2	0	G	1501226	                Romboutsia
  0.00	1	1	S	1115758	                  Romboutsia ilealis
  0.00	1	0	G1	2626894	                  unclassified Romboutsia
  0.00	1	1	S	2724150	                    Romboutsia sp. CE17
  0.00	205	0	F	543314	              Anaerovoracaceae
  0.00	152	0	G	1926667	                Ihubacter
  0.00	152	0	G1	2633299	                  unclassified Ihubacter
  0.00	152	152	S	3242369	                    Ihubacter sp. rT4E-8
  0.00	41	5	G	86331	                Mogibacterium
  0.00	34	34	S	114527	                  Mogibacterium diversum
  0.00	2	2	S	114528	                  Mogibacterium neglectum
  0.00	11	0	G	1926556	                Emergencia
  0.00	6	6	S	1776384	                  Emergencia timonensis
  0.00	5	0	G1	2642996	                  unclassified Emergencia
  0.00	5	5	S	3114296	                    Emergencia sp. JLR.KK010
  0.00	1	0	G	2060094	                Aminipila
  0.00	1	1	S	2507160	                  Aminipila luticellarii
  0.00	484	0	O	3082768	            Christensenellales
  0.00	484	0	F	990719	              Christensenellaceae
  0.00	484	3	G	990721	                Christensenella
  0.00	375	375	S	1805714	                  Christensenella massiliensis
  0.00	86	86	S	626937	                  Christensenella minuta
  0.00	20	0	G1	2649046	                  unclassified Christensenella
  0.00	20	20	S	2841518	                    Christensenella sp. MSJ-20
  0.00	38	0	O	3085656	            Monoglobales
  0.00	38	0	F	3085657	              Monoglobaceae
  0.00	38	0	G	2039302	                Monoglobus
  0.00	38	38	S	1981510	                  Monoglobus pectinilyticus
  0.03	12495	70	C	91061	          Bacilli
  0.03	12298	216	O	186826	            Lactobacillales
  0.03	9708	135	F	1300	              Streptococcaceae
  0.03	9547	4052	G	1301	                Streptococcus
  0.01	4487	4487	S	1308	                  Streptococcus thermophilus
  0.00	244	238	S	1304	                  Streptococcus salivarius
  0.00	3	3	S1	1046629	                    Streptococcus salivarius 57.I
  0.00	2	2	S1	1048332	                    Streptococcus salivarius CCHSS3
  0.00	1	1	S1	347253	                    Streptococcus salivarius JIM8777
  0.00	175	175	S	197614	                  Streptococcus pasteurianus
  0.00	154	136	S	1318	                  Streptococcus parasanguinis
  0.00	14	14	S1	760570	                    Streptococcus parasanguinis ATCC 15912
  0.00	4	4	S1	1114965	                    Streptococcus parasanguinis FW213
  0.00	86	23	G1	2608887	                  unclassified Streptococcus
  0.00	10	10	S	2610896	                    Streptococcus sp. LPB0220
  0.00	9	9	S	2759692	                    Streptococcus sp. Marseille-Q3533
  0.00	9	9	S	1759399	                    Streptococcus sp. A12
  0.00	7	7	S	3229851	                    Streptococcus sp. KHUD_012
  0.00	4	4	S	712623	                    Streptococcus sp. oral taxon 061
  0.00	3	3	S	3238303	                    Streptococcus sp. CP1998
  0.00	3	3	S	2828286	                    Streptococcus sp. 11-4097
  0.00	3	3	S	3413147	                    Streptococcus sp. KHUD_013
  0.00	3	3	S	3434352	                    Streptococcus sp. KHUD_015
  0.00	2	2	S	3434353	                    Streptococcus sp. KHUD_014
  0.00	2	2	S	3038077	                    Streptococcus sp. D7B5
  0.00	2	2	S	2954513	                    Streptococcus sp. FSL K6-1323
  0.00	1	1	S	1316411	                    Streptococcus sp. HSISS2
  0.00	1	1	S	3074854	                    Streptococcus sp. SN-1
  0.00	1	1	S	3077584	                    Streptococcus sp. DTU_2020_1001019_1_SI_AUS_MUR_006
  0.00	1	1	S	3077723	                    Streptococcus sp. DTU_2020_1000888_1_SI_GRL_NUU_041A
  0.00	1	1	S	712633	                    Streptococcus sp. oral taxon 431
  0.00	1	1	S	1316412	                    Streptococcus sp. HSISS3
  0.00	72	72	S	1501662	                  Streptococcus parasuis
  0.00	54	14	G1	3409772	                  Streptococcus mitis group
  0.00	38	37	S	28037	                    Streptococcus mitis
  0.00	1	1	S1	365659	                      Streptococcus mitis B6
  0.00	2	2	S	2819619	                    Streptococcus toyakuensis
  0.00	54	54	S	1305	                  Streptococcus sanguinis
  0.00	50	50	S	1303	                  Streptococcus oralis
  0.00	27	27	S	1335	                  Streptococcus equinus
  0.00	19	10	S	45634	                  Streptococcus cristatus
  0.00	9	9	S1	889201	                    Streptococcus cristatus ATCC 51100
  0.00	12	12	S	1313	                  Streptococcus pneumoniae
  0.00	10	10	S	1302	                  Streptococcus gordonii
  0.00	8	1	G1	671232	                  Streptococcus anginosus group
  0.00	5	5	S	1328	                    Streptococcus anginosus
  0.00	2	2	S	1338	                    Streptococcus intermedius
  0.00	8	0	S	315405	                  Streptococcus gallolyticus
  0.00	8	8	S1	53354	                    Streptococcus gallolyticus subsp. gallolyticus
  0.00	8	8	S	150055	                  Streptococcus lutetiensis
  0.00	7	7	S	1329	                  Streptococcus canis
  0.00	5	5	S	3098076	                  Streptococcus lingualis
  0.00	4	4	S	1307	                  Streptococcus suis
  0.00	3	0	S	1311	                  Streptococcus agalactiae
  0.00	3	3	S1	1309807	                    Streptococcus agalactiae ILRI005
  0.00	2	2	S	1156431	                  Streptococcus ilei
  0.00	2	2	S	1343	                  Streptococcus vestibularis
  0.00	1	1	S	2686210	                  Streptococcus ruminicola
  0.00	1	1	S	68892	                  Streptococcus infantis
  0.00	1	1	S	3098075	                  Streptococcus dentalis
  0.00	1	1	S	102684	                  Streptococcus infantarius
  0.00	26	10	G	1357	                Lactococcus
  0.00	10	4	S	1359	                  Lactococcus cremoris
  0.00	6	0	S1	2816960	                    Lactococcus cremoris subsp. cremoris
  0.00	6	6	S2	1104322	                      Lactococcus cremoris subsp. cremoris A76
  0.00	5	5	S	1358	                  Lactococcus lactis
  0.00	1	0	G1	2643510	                  unclassified Lactococcus
  0.00	1	1	S	44273	                    Lactococcus sp.
  0.01	1991	2	F	81852	              Enterococcaceae
  0.01	1988	118	G	1350	                Enterococcus
  0.00	1767	1767	S	1352	                  Enterococcus faecium
  0.00	90	90	S	44008	                  Enterococcus cecorum
  0.00	11	11	S	33945	                  Enterococcus avium
  0.00	2	2	S	1351	                  Enterococcus faecalis
  0.00	1	0	G	2737	                Vagococcus
  0.00	1	1	S	218144	                  Vagococcus carniphilus
  0.00	146	9	F	33958	              Lactobacillaceae
  0.00	56	5	G	46255	                Weissella
  0.00	49	49	S	1583	                  Weissella confusa
  0.00	2	2	S	137591	                  Weissella cibaria
  0.00	47	36	G	1578	                Lactobacillus
  0.00	5	5	S	147802	                  Lactobacillus iners
  0.00	4	4	S	1584	                  Lactobacillus delbrueckii
  0.00	2	2	S	47770	                  Lactobacillus crispatus
  0.00	12	0	G	2767887	                Ligilactobacillus
  0.00	11	10	S	1623	                  Ligilactobacillus ruminis
  0.00	1	1	S1	1069534	                    Ligilactobacillus ruminis ATCC 27782
  0.00	1	1	S	1624	                  Ligilactobacillus salivarius
  0.00	8	3	G	1243	                Leuconostoc
  0.00	3	3	G1	3016637	                  Leuconostoc gelidum group
  0.00	2	2	S	33968	                  Leuconostoc pseudomesenteroides
  0.00	7	0	G	1253	                Pediococcus
  0.00	7	7	S	1255	                  Pediococcus pentosaceus
  0.00	4	0	G	2742598	                Limosilactobacillus
  0.00	3	3	S	97478	                  Limosilactobacillus mucosae
  0.00	1	1	S	1598	                  Limosilactobacillus reuteri
  0.00	2	0	G	2767842	                Lactiplantibacillus
  0.00	2	2	S	1590	                  Lactiplantibacillus plantarum
  0.00	1	0	G	2759736	                Lacticaseibacillus
  0.00	1	1	S	1597	                  Lacticaseibacillus paracasei
  0.00	127	0	F	186827	              Aerococcaceae
  0.00	127	0	G	46123	                Abiotrophia
  0.00	127	75	S	46125	                  Abiotrophia defectiva
  0.00	52	52	S1	592010	                    Abiotrophia defectiva ATCC 49176
  0.00	110	0	F	186828	              Carnobacteriaceae
  0.00	110	5	G	117563	                Granulicatella
  0.00	97	97	S	46124	                  Granulicatella adiacens
  0.00	8	8	S	137732	                  Granulicatella elegans
  0.00	127	8	O	1385	            Bacillales
  0.00	42	0	F	90964	              Staphylococcaceae
  0.00	42	8	G	1279	                Staphylococcus
  0.00	11	11	S	1282	                  Staphylococcus epidermidis
  0.00	11	11	S	29388	                  Staphylococcus capitis
  0.00	7	7	S	45972	                  Staphylococcus pasteuri
  0.00	3	3	S	1290	                  Staphylococcus hominis
  0.00	1	0	G1	3239053	                  Staphylococcus cohnii species complex
  0.00	1	1	S	29382	                    Staphylococcus cohnii
  0.00	1	1	S	170573	                  Staphylococcus pettenkoferi
  0.00	39	0	F	539738	              Gemellaceae
  0.00	39	3	G	1378	                Gemella
  0.00	18	18	S	1379	                  Gemella haemolysans
  0.00	10	10	S	29391	                  Gemella morbillorum
  0.00	8	8	S	84135	                  Gemella sanguinis
  0.00	35	0	F	186817	              Bacillaceae
  0.00	34	3	G	1386	                Bacillus
  0.00	22	0	G1	86661	                  Bacillus cereus group
  0.00	22	22	S	1396	                    Bacillus cereus
  0.00	9	0	G1	653685	                  Bacillus subtilis group
  0.00	9	9	S	1648923	                    Bacillus paralicheniformis
  0.00	1	1	G	2893057	                Shouchella
  0.00	3	0	F	186818	              Caryophanaceae
  0.00	3	0	G	1372	                Planococcus
  0.00	3	3	S	200991	                  Planococcus rifietoensis
  0.02	6966	1279	C	909932	          Negativicutes
  0.01	5017	0	O	1843489	            Veillonellales
  0.01	5017	1642	F	31977	              Veillonellaceae
  0.01	2557	2394	G	39948	                Dialister
  0.00	105	105	S	487173	                  Dialister succinatiphilus
  0.00	46	0	G1	2638756	                  unclassified Dialister
  0.00	46	46	S	1955814	                    Dialister sp.
  0.00	9	9	S	2582419	                  Dialister hominis
  0.00	2	2	S	2161821	                  Dialister massiliensis
  0.00	1	1	S	39950	                  Dialister pneumosintes
  0.00	487	216	G	29465	                Veillonella
  0.00	113	113	S	29466	                  Veillonella parvula
  0.00	72	72	S	39777	                  Veillonella atypica
  0.00	47	47	S	2682456	                  Veillonella nakazawae
  0.00	20	20	S	423477	                  Veillonella rogosae
  0.00	12	12	S	2682455	                  Veillonella orientalis
  0.00	7	7	S	39778	                  Veillonella dispar
  0.00	255	0	G	1980675	                Colibacter
  0.00	255	255	S	1852379	                  Colibacter massiliensis
  0.00	76	16	G	906	                Megasphaera
  0.00	48	0	G1	2626256	                  unclassified Megasphaera
  0.00	48	48	S	2023260	                    Megasphaera sp.
  0.00	9	6	S	907	                  Megasphaera elsdenii
  0.00	3	3	S1	1458465	                    Megasphaera elsdenii 14-14
  0.00	3	3	S	1675036	                  Megasphaera hexanoica
  0.00	592	0	O	1843488	            Acidaminococcales
  0.00	592	0	F	909930	              Acidaminococcaceae
  0.00	487	77	G	33024	                Phascolarctobacterium
  0.00	349	349	S	33025	                  Phascolarctobacterium faecium
  0.00	33	33	S	626940	                  Phascolarctobacterium succinatutens
  0.00	28	0	G1	2639160	                  unclassified Phascolarctobacterium
  0.00	28	28	S	2823317	                    Phascolarctobacterium sp. Marseille-Q4147
  0.00	105	1	G	904	                Acidaminococcus
  0.00	85	80	S	187327	                  Acidaminococcus intestini
  0.00	5	5	S1	568816	                    Acidaminococcus intestini RyC-MR95
  0.00	19	0	S	905	                  Acidaminococcus fermentans
  0.00	19	19	S1	591001	                    Acidaminococcus fermentans DSM 20731
  0.00	78	0	O	909929	            Selenomonadales
  0.00	78	1	F	1843491	              Selenomonadaceae
  0.00	47	7	G	970	                Selenomonas
  0.00	34	14	G1	2637378	                  unclassified Selenomonas
  0.00	11	11	S	712538	                    Selenomonas sp. oral taxon 478
  0.00	9	9	S	713030	                    Selenomonas sp. oral taxon 136
  0.00	5	5	S	69823	                  Selenomonas sputigena
  0.00	1	1	S	2754044	                  Selenomonas timonae
  0.00	25	0	G	52225	                Mitsuokella
  0.00	25	25	S	52226	                  Mitsuokella multacida
  0.00	5	0	G	158846	                Megamonas
  0.00	5	5	S	437897	                  Megamonas funiformis
  0.01	2604	0	C	526524	          Erysipelotrichia
  0.01	2604	23	O	526525	            Erysipelotrichales
  0.01	2129	16	F	128827	              Erysipelotrichaceae
  0.00	1239	0	G	2749846	                Amedibacillus
  0.00	1239	1239	S	2764325	                  [Eubacterium] hominis
  0.00	525	0	G	61170	                Holdemania
  0.00	525	525	S	1468449	                  Holdemania massiliensis
  0.00	243	0	G	1918536	                Longicatena
  0.00	243	243	S	1796635	                  Longicatena caecimuris
  0.00	47	0	G	123375	                Solobacterium
  0.00	47	47	S	102148	                  Solobacterium moorei
  0.00	32	0	G	2679910	                Intestinibaculum
  0.00	32	32	S	2487118	                  Intestinibaculum porci
  0.00	16	0	G	2749267	                Amedibacterium
  0.00	16	16	S	2583452	                  Amedibacterium intestinale
  0.00	6	0	G	1729679	                Faecalibaculum
  0.00	6	6	S	1702221	                  Faecalibaculum rodentium
  0.00	4	0	G	1924110	                Massilimicrobiota
  0.00	4	4	S	1776392	                  Massilimicrobiota timonensis
  0.00	1	0	G	3059504	                Allocoprobacillus
  0.00	1	1	S	2944914	                  Allocoprobacillus halotolerans
  0.00	445	1	F	2810280	              Coprobacillaceae
  0.00	349	3	G	3025755	                Thomasclavelia
  0.00	346	346	S	1547	                  Thomasclavelia ramosa
  0.00	67	7	G	135858	                Catenibacterium
  0.00	53	53	S	100886	                  Catenibacterium mitsuokai
  0.00	7	0	G1	2643636	                  unclassified Catenibacterium
  0.00	7	7	S	2478954	                    Catenibacterium sp. co_0103
  0.00	28	0	G	2678885	                Faecalibacillus
  0.00	28	28	S	1982626	                  Faecalibacillus intestinalis
  0.00	7	0	F	2810281	              Turicibacteraceae
  0.00	7	7	G	191303	                Turicibacter
  0.00	51	0	C	1737404	          Tissierellia
  0.00	51	0	O	1737405	            Tissierellales
  0.00	51	1	F	1570339	              Peptoniphilaceae
  0.00	39	1	G	543311	                Parvimonas
  0.00	38	38	S	33033	                  Parvimonas micra
  0.00	9	0	G	162289	                Peptoniphilus
  0.00	7	7	S	3016343	                  Peptoniphilus equinus
  0.00	2	2	S	33031	                  Peptoniphilus lacrimalis
  0.00	2	0	G	150022	                Finegoldia
  0.00	2	2	S	1260	                  Finegoldia magna
  0.89	316296	2273	P	201174	        Actinomycetota
  0.80	285342	3691	C	1760	          Actinomycetes
  0.74	265000	0	O	85004	            Bifidobacteriales
  0.74	265000	389	F	31953	              Bifidobacteriaceae
  0.74	264551	18659	G	1678	                Bifidobacterium
  0.69	244880	244880	S	1689	                  Bifidobacterium dentium
  0.00	629	629	S	216816	                  Bifidobacterium longum
  0.00	200	200	S	1680	                  Bifidobacterium adolescentis
  0.00	108	27	S	1686	                  Bifidobacterium catenulatum
  0.00	81	80	S1	630129	                    Bifidobacterium catenulatum subsp. kashiwanohense
  0.00	1	1	S2	1150460	                      Bifidobacterium catenulatum subsp. kashiwanohense JCM 15439 = DSM 21854
  0.00	29	29	S	28026	                  Bifidobacterium pseudocatenulatum
  0.00	24	13	S	1681	                  Bifidobacterium bifidum
  0.00	11	11	S1	702459	                    Bifidobacterium bifidum PRL2010
  0.00	14	14	S	1685	                  Bifidobacterium breve
  0.00	6	2	S	28025	                  Bifidobacterium animalis
  0.00	4	4	S1	302911	                    Bifidobacterium animalis subsp. lactis
  0.00	2	0	S	78448	                  Bifidobacterium pullorum
  0.00	2	2	S1	78344	                    Bifidobacterium pullorum subsp. gallinarum
  0.00	41	0	G	196082	                Parascardovia
  0.00	41	0	S	78258	                  Parascardovia denticolens
  0.00	41	41	S1	864564	                    Parascardovia denticolens DSM 10105 = JCM 12538
  0.00	13	0	G	196081	                Scardovia
  0.00	9	9	S	230143	                  Scardovia wiggsiae
  0.00	4	0	S	78259	                  Scardovia inopinata
  0.00	4	4	S1	1150468	                    Scardovia inopinata JCM 12537
  0.00	6	4	G	2701	                Gardnerella
  0.00	2	2	G1	2628112	                  unclassified Gardnerella
  0.04	14964	0	O	2037	            Actinomycetales
  0.04	14964	775	F	2049	              Actinomycetaceae
  0.03	10050	3559	G	2529408	                Schaalia
  0.01	5313	5313	S	1660	                  Schaalia odontolytica
  0.00	1160	4	G1	2691889	                  unclassified Schaalia
  0.00	1156	1156	S	3059028	                    Schaalia sp. HMT-172
  0.00	11	11	S	131111	                  Schaalia turicensis
  0.00	5	5	S	52773	                  Schaalia meyeri
  0.00	2	0	S	181487	                  Schaalia cardiffensis
  0.00	2	2	S1	888050	                    Schaalia cardiffensis F0333
  0.01	4017	862	G	1654	                Actinomyces
  0.01	2234	121	G1	2609248	                  unclassified Actinomyces
  0.01	2057	2057	S	712122	                    Actinomyces sp. oral taxon 414
  0.00	31	0	S	706438	                    Actinomyces sp. oral taxon 171
  0.00	31	31	S1	706439	                      Actinomyces sp. oral taxon 171 str. F0337
  0.00	19	19	S	712116	                    Actinomyces sp. oral taxon 169
  0.00	4	4	S	2789425	                    Actinomyces sp. HMT 175
  0.00	2	2	S	2789424	                    Actinomyces sp. HMT897
  0.00	823	823	S	1852377	                  Actinomyces pacaensis
  0.00	46	46	S	1655	                  Actinomyces naeslundii
  0.00	32	29	S	544580	                  Actinomyces oris
  0.00	3	3	S1	871541	                    Actinomyces oris K20
  0.00	8	8	S	1659	                  Actinomyces israelii
  0.00	8	8	S	461393	                  Actinomyces massiliensis
  0.00	2	2	S	1656	                  Actinomyces viscosus
  0.00	2	2	S	2722820	                  Actinomyces faecalis
  0.00	60	0	G	1069494	                Trueperella
  0.00	60	60	S	1661	                  Trueperella pyogenes
  0.00	58	0	G	2740557	                Pauljensenia
  0.00	58	58	S	178339	                  Pauljensenia hongkongensis
  0.00	3	0	G	28263	                Arcanobacterium
  0.00	3	3	S	28264	                  Arcanobacterium haemolyticum
  0.00	1	0	G	2050	                Mobiluncus
  0.00	1	1	S	2051	                  Mobiluncus curtisii
  0.00	1133	1	O	85009	            Propionibacteriales
  0.00	1129	0	F	31957	              Propionibacteriaceae
  0.00	643	10	G	2801844	                Arachnia
  0.00	323	323	S	1547448	                  Arachnia rubra
  0.00	310	310	S	1750	                  Arachnia propionica
  0.00	423	17	G	1912216	                Cutibacterium
  0.00	399	398	S	1747	                  Cutibacterium acnes
  0.00	1	1	S1	1734925	                    Cutibacterium acnes subsp. acnes
  0.00	6	6	S	33011	                  Cutibacterium granulosum
  0.00	1	1	S	33010	                  Cutibacterium avidum
  0.00	51	0	G	1743	                Propionibacterium
  0.00	51	51	S	556499	                  Propionibacterium acidifaciens
  0.00	10	0	G	2919589	                Vaginimicrobium
  0.00	10	10	S	1871034	                  Vaginimicrobium propionicum
  0.00	2	0	G	33983	                Luteococcus
  0.00	2	0	G1	2639923	                  unclassified Luteococcus
  0.00	2	2	S	3401630	                    Luteococcus sp. OSA5
  0.00	3	0	F	85015	              Nocardioidaceae
  0.00	3	1	G	1839	                Nocardioides
  0.00	2	0	G1	2615069	                  unclassified Nocardioides
  0.00	2	2	S	2714939	                    Nocardioides sp. HDW12B
  0.00	302	6	O	85006	            Micrococcales
  0.00	271	1	F	1268	              Micrococcaceae
  0.00	239	7	G	32207	                Rothia
  0.00	140	139	S	43675	                  Rothia mucilaginosa
  0.00	1	1	S1	680646	                    Rothia mucilaginosa DY-18
  0.00	54	54	S	2047	                  Rothia dentocariosa
  0.00	36	36	S	172042	                  Rothia aeria
  0.00	2	2	S	37923	                  Rothia kristinae
  0.00	19	19	G	1269	                Micrococcus
  0.00	11	4	G	57493	                Kocuria
  0.00	5	5	S	1275	                  Kocuria rosea
  0.00	1	1	S	1272	                  Kocuria varians
  0.00	1	0	G1	2649579	                  unclassified Kocuria
  0.00	1	1	S	2719588	                    Kocuria sp. KD4
  0.00	1	0	G	1663	                Arthrobacter
  0.00	1	1	S	37921	                  Arthrobacter agilis
  0.00	18	7	F	85023	              Microbacteriaceae
  0.00	10	5	G	33882	                Microbacterium
  0.00	2	2	S	2033	                  Microbacterium testaceum
  0.00	2	2	G1	2609290	                  unclassified Microbacterium
  0.00	1	1	S	36805	                  Microbacterium aurum
  0.00	1	1	G	190323	                Plantibacter
  0.00	4	0	F	145357	              Dermacoccaceae
  0.00	4	0	G	57495	                Dermacoccus
  0.00	4	4	S	1274	                  Dermacoccus nishinomiyaensis
  0.00	2	0	F	85020	              Dermabacteraceae
  0.00	2	0	G	36739	                Dermabacter
  0.00	1	1	S	36740	                  Dermabacter hominis
  0.00	1	1	S	1667168	                  Dermabacter jinjuensis
  0.00	1	0	F	2805426	              Kytococcaceae
  0.00	1	0	G	57499	                Kytococcus
  0.00	1	1	S	1276	                  Kytococcus sedentarius
  0.00	247	8	O	85007	            Mycobacteriales
  0.00	182	0	F	1653	              Corynebacteriaceae
  0.00	182	59	G	1716	                Corynebacterium
  0.00	43	43	S	598660	                  Corynebacterium pyruviciproducens
  0.00	20	20	S	2014537	                  Corynebacterium belfantii
  0.00	19	0	S	38305	                  Corynebacterium vitaeruminis
  0.00	19	19	S1	1224164	                    Corynebacterium vitaeruminis DSM 20294
  0.00	18	18	S	61592	                  Corynebacterium durum
  0.00	8	8	S	699041	                  Corynebacterium hindlerae
  0.00	4	4	S	43768	                  Corynebacterium matruchotii
  0.00	4	2	S	161879	                  Corynebacterium kroppenstedtii
  0.00	2	2	S1	2736648	                    Corynebacterium kroppenstedtii subsp. demodicis
  0.00	2	2	S	38304	                  Corynebacterium tuberculostearicum
  0.00	2	0	S	38288	                  Corynebacterium genitalium
  0.00	2	2	S1	585529	                    Corynebacterium genitalium ATCC 33030
  0.00	1	1	S	38303	                  Corynebacterium pseudogenitalium
  0.00	1	1	S	1725	                  Corynebacterium xerosis
  0.00	1	1	S	42817	                  Corynebacterium argentoratense
  0.00	24	9	F	1762	              Mycobacteriaceae
  0.00	9	0	G	1866885	                Mycolicibacterium
  0.00	4	4	S	117567	                  Mycolicibacterium frederiksbergense
  0.00	3	3	S	1771	                  Mycolicibacterium phlei
  0.00	2	0	S	59750	                  Mycolicibacterium wolinskyi
  0.00	2	2	S1	3410264	                    Mycolicibacterium wolinskyi str. Jessa 2025
  0.00	4	4	G	670516	                Mycobacteroides
  0.00	2	0	G	1763	                Mycobacterium
  0.00	2	1	G1	2642494	                  unclassified Mycobacterium
  0.00	1	1	S	2099695	                    Mycobacterium sp. ITM-2016-00316
  0.00	19	0	F	85026	              Gordoniaceae
  0.00	19	14	G	2053	                Gordonia
  0.00	2	2	S	36822	                  Gordonia rubripertincta
  0.00	2	2	S	84096	                  Gordonia alkanivorans
  0.00	1	1	S	2055	                  Gordonia terrae
  0.00	12	0	F	85025	              Nocardiaceae
  0.00	10	7	G	1827	                Rhodococcus
  0.00	2	2	S	103816	                  Rhodococcus pyridinivorans
  0.00	1	1	G1	2840174	                  Rhodococcus erythropolis group
  0.00	2	0	G	3259750	                Rhodococcoides
  0.00	2	2	S	1828	                  Rhodococcoides fascians
  0.00	2	0	F	85029	              Dietziaceae
  0.00	2	0	G	37914	                Dietzia
  0.00	1	1	S	321318	                  Dietzia cinnamea
  0.00	1	1	S	499555	                  Dietzia timorensis
  0.00	3	0	O	85011	            Kitasatosporales
  0.00	3	0	F	2062	              Streptomycetaceae
  0.00	3	0	G	1883	                Streptomyces
  0.00	3	1	G1	2593676	                  unclassified Streptomyces
  0.00	2	2	S	477697	                    Streptomyces sp. T12
  0.00	1	0	O	85008	            Micromonosporales
  0.00	1	0	F	28056	              Micromonosporaceae
  0.00	1	0	G	1873	                Micromonospora
  0.00	1	1	S	1894969	                  Micromonospora globbae
  0.00	1	0	O	85010	            Pseudonocardiales
  0.00	1	0	F	2070	              Pseudonocardiaceae
  0.00	1	0	G	165301	                Lentzea
  0.00	1	1	G1	2643253	                  unclassified Lentzea
  0.08	28681	1861	C	84998	          Coriobacteriia
  0.07	23519	0	O	1643822	            Eggerthellales
  0.07	23519	1073	F	1643826	              Eggerthellaceae
  0.06	19886	1431	G	84111	                Eggerthella
  0.05	18339	18282	S	84112	                  Eggerthella lenta
  0.00	57	57	S1	479437	                    Eggerthella lenta DSM 2243
  0.00	79	0	G1	2648737	                  unclassified Eggerthella
  0.00	79	79	S	502558	                    Eggerthella sp. YY7918
  0.00	37	37	S	2690837	                  Eggerthella guodeyinii
  0.01	2460	675	G	644652	                Gordonibacter
  0.00	1647	0	S	471189	                  Gordonibacter pamelaeae
  0.00	1647	1647	S1	657308	                    Gordonibacter pamelaeae 7-10-1-b
  0.00	138	138	S	1335613	                  Gordonibacter urolithinfaciens
  0.00	50	7	G	447020	                Adlercreutzia
  0.00	35	7	S	446660	                  Adlercreutzia equolifaciens
  0.00	28	28	S1	394340	                    Adlercreutzia equolifaciens subsp. celatus
  0.00	8	8	S	2707299	                  Adlercreutzia hattorii
  0.00	24	0	G	2815775	                Berryella
  0.00	24	24	S	1531429	                  Berryella intestinalis
  0.00	14	0	G	84108	                Slackia
  0.00	12	12	S	84109	                  Slackia exigua
  0.00	2	2	S	84110	                  Slackia heliotrinireducens
  0.00	5	0	G	1981050	                Phoenicibacter
  0.00	5	5	S	1944646	                  Phoenicibacter congonensis
  0.00	5	0	G	2981344	                Xiamenia
  0.00	5	5	S	2682776	                  Xiamenia xianingshaonis
  0.00	1	0	G	84162	                Cryptobacterium
  0.00	1	0	S	84163	                  Cryptobacterium curtum
  0.00	1	1	S1	469378	                    Cryptobacterium curtum DSM 15641
  0.00	1	0	G	2005386	                Arabiibacter
  0.00	1	1	S	1870985	                  Arabiibacter massiliensis
  0.01	3301	301	O	84999	            Coriobacteriales
  0.01	1916	89	F	84107	              Coriobacteriaceae
  0.00	1655	497	G	102106	                Collinsella
  0.00	990	595	S	74426	                  Collinsella aerofaciens
  0.00	395	395	S1	411903	                    Collinsella aerofaciens ATCC 25986
  0.00	121	121	S	147206	                  Collinsella stercoris
  0.00	47	0	G1	2637548	                  unclassified Collinsella
  0.00	47	47	S	3132705	                    Collinsella sp. i05-0019-G5
  0.00	172	0	G	1472762	                Enorma
  0.00	172	172	S	1871019	                  Enorma phocaeensis
  0.00	1084	59	F	1643824	              Atopobiaceae
  0.00	907	0	G	133925	                Olsenella
  0.00	480	0	G1	2638792	                  unclassified Olsenella
  0.00	480	480	S	712411	                    Olsenella sp. oral taxon 807
  0.00	353	353	S	1805478	                  Olsenella timonensis
  0.00	74	0	S	133926	                  Olsenella uli
  0.00	74	74	S1	633147	                    Olsenella uli DSM 7084
  0.00	34	1	G	2767353	                Lancefieldella
  0.00	22	0	S	1382	                  Lancefieldella parvula
  0.00	22	22	S1	521095	                    Lancefieldella parvula DSM 20469
  0.00	11	0	G1	2978947	                  unclassified Lancefieldella
  0.00	11	11	S	3022127	                    Lancefieldella sp. Marseille-Q7238
  0.00	32	0	G	2767327	                Fannyhessea
  0.00	32	32	S	82135	                  Fannyhessea vaginae
  0.00	17	0	G	2847307	                Thermophilibacter
  0.00	17	17	S	1871031	                  Thermophilibacter mediterraneus
  0.00	13	0	G	2847312	                Parafannyhessea
  0.00	13	13	S	604330	                  Parafannyhessea umbonata
  0.00	12	4	G	2082587	                Parolsenella
  0.00	6	6	S	2003188	                  Parolsenella catena
  0.00	2	2	S	1871022	                  Parolsenella massiliensis
  0.00	10	0	G	1380	                Atopobium
  0.00	10	0	G1	2643817	                  unclassified Atopobium
  0.00	10	10	S	712157	                    Atopobium sp. oral taxon 416
  0.00	1	0	P	544448	        Mycoplasmatota
  0.00	1	0	C	31969	          Mollicutes
  0.00	1	0	O	186329	            Acholeplasmatales
  0.00	1	0	F	2146	              Acholeplasmataceae
  0.00	1	0	G	33926	                Candidatus Phytoplasma
  0.00	1	0	G1	85632	                  16SrXII (Stolbur group)
  0.00	1	1	S	69896	                    Candidatus Phytoplasma solani
  0.00	298	0	R3	2323	      Bacteria incertae sedis
  0.00	298	0	R4	1783234	        Bacteria candidate phyla
  0.00	298	179	P	95818	          Candidatus Saccharimonadota
  0.00	116	0	C	2093818	            Candidatus Saccharimonadia
  0.00	110	0	O	2093819	              Candidatus Nanosynbacterales
  0.00	110	0	F	2093822	                Candidatus Nanosynbacteraceae
  0.00	110	26	G	2093823	                  Candidatus Nanosynbacter
  0.00	80	29	G1	2725944	                    unclassified Candidatus Nanosynbacter
  0.00	46	46	S	2899133	                      Candidatus Nanosynbacter sp. HMT-352
  0.00	4	4	S	3393757	                      Candidatus Nanosynbacter sp. BB002
  0.00	1	1	S	2902632	                      Candidatus Nanosynbacter sp. TM7-008
  0.00	2	2	S	2093824	                    Candidatus Nanosynbacter lyticus
  0.00	2	2	S	2572088	                    Candidatus Nanosynbacter featherlites
  0.00	6	0	O	2093825	              Candidatus Saccharimonadales
  0.00	6	1	F	2171986	                Candidatus Saccharimonadaceae
  0.00	5	0	G	3350975	                  Candidatus Southlakia
  0.00	5	5	S	3043284	                    Candidatus Southlakia epibionticum
  0.00	3	0	P1	2905966	            Candidatus Saccharimonadota incertae sedis
  0.00	3	0	G	2905967	              Candidatus Minimicrobia
  0.00	2	2	S	2841264	                Candidatus Minimicrobia vallesae
  0.00	1	0	G1	2986071	                unclassified Candidatus Minimicrobia
  0.00	1	1	S	3118470	                  Candidatus Minimicrobia sp. QA0096
  0.00	282	0	K	3384194	      Thermotogati
  0.00	277	0	P	508458	        Synergistota
  0.00	277	0	C	649775	          Synergistia
  0.00	277	0	O	649776	            Synergistales
  0.00	274	0	F	3029088	              Dethiosulfovibrionaceae
  0.00	274	0	G	638847	                Pyramidobacter
  0.00	202	202	S	638849	                  Pyramidobacter piscolens
  0.00	72	0	G1	2632171	                  unclassified Pyramidobacter
  0.00	72	72	S	3068894	                    Pyramidobacter sp. YE332
  0.00	3	0	F	649777	              Synergistaceae
  0.00	3	0	G	508459	                Cloacibacillus
  0.00	3	3	S	508460	                  Cloacibacillus evryensis
  0.00	5	0	P	1297	        Deinococcota
  0.00	5	1	C	188787	          Deinococci
  0.00	4	0	O	118964	            Deinococcales
  0.00	4	0	F	183710	              Deinococcaceae
  0.00	4	2	G	1298	                Deinococcus
  0.00	2	0	S	68909	                  Deinococcus geothermalis
  0.00	2	2	S1	319795	                    Deinococcus geothermalis DSM 11300
  0.00	130	0	K	3384189	      Fusobacteriati
  0.00	130	0	P	32066	        Fusobacteriota
  0.00	130	0	C	203490	          Fusobacteriia
  0.00	130	1	O	203491	            Fusobacteriales
  0.00	127	0	F	203492	              Fusobacteriaceae
  0.00	127	12	G	848	                Fusobacterium
  0.00	110	110	S	155615	                  Fusobacterium vincentii
  0.00	2	2	S	76857	                  Fusobacterium polymorphum
  0.00	2	2	S	2663009	                  Fusobacterium pseudoperiodonticum
  0.00	1	1	S	859	                  Fusobacterium necrophorum
  0.00	2	0	F	1129771	              Leptotrichiaceae
  0.00	2	0	G	32067	                Leptotrichia
  0.00	2	0	G1	2633022	                  unclassified Leptotrichia
  0.00	2	2	S	712361	                    Leptotrichia sp. oral taxon 218
  0.00	896	0	R2	2759	    Eukaryota
  0.00	896	0	R3	33154	      Opisthokonta
  0.00	896	0	K	33208	        Metazoa
  0.00	896	0	K1	6072	          Eumetazoa
  0.00	896	0	K2	33213	            Bilateria
  0.00	896	0	K3	33511	              Deuterostomia
  0.00	896	0	P	7711	                Chordata
  0.00	896	0	P1	89593	                  Craniata
  0.00	896	0	P2	7742	                    Vertebrata
  0.00	896	0	P3	7776	                      Gnathostomata
  0.00	896	0	P4	117570	                        Teleostomi
  0.00	896	0	P5	117571	                          Euteleostomi
  0.00	896	0	P6	8287	                            Sarcopterygii
  0.00	896	0	P7	1338369	                              Dipnotetrapodomorpha
  0.00	896	0	P8	32523	                                Tetrapoda
  0.00	896	0	P9	32524	                                  Amniota
  0.00	896	0	C	40674	                                    Mammalia
  0.00	896	0	C1	32525	                                      Theria
  0.00	896	0	C2	9347	                                        Eutheria
  0.00	896	0	C3	1437010	                                          Boreoeutheria
  0.00	896	0	C4	314146	                                            Euarchontoglires
  0.00	896	0	O	9443	                                              Primates
  0.00	896	0	O1	376913	                                                Haplorrhini
  0.00	896	0	O2	314293	                                                  Simiiformes
  0.00	896	0	O3	9526	                                                    Catarrhini
  0.00	896	0	O4	314295	                                                      Hominoidea
  0.00	896	0	F	9604	                                                        Hominidae
  0.00	896	0	F1	207598	                                                          Homininae
  0.00	896	0	G	9605	                                                            Homo
  0.00	896	896	S	9606	                                                              Homo sapiens
  0.06	22704	1	R1	10239	  Viruses
  0.06	22703	0	R2	2731341	    Duplodnaviria
  0.06	22703	0	K	2731360	      Heunggongvirae
  0.06	22703	0	P	2731618	        Uroviricota
  0.06	22703	3	C	2731619	          Caudoviricetes
  0.03	11565	0	O	1978007	            Crassvirales
  0.03	11544	1	F	2942964	              Intestiviridae
  0.03	11528	11	F1	2942972	                Crudevirinae
  0.03	11497	3973	G	2948652	                  Carjivirus
  0.02	5672	5672	S	2955582	                    Carjivirus communis
  0.01	1852	0	S	2955583	                    Carjivirus hominis
  0.01	1852	1852	S1	2986399	                      uncultured phage cr99_1
  0.00	20	0	G	2948697	                  Endlipuvirus
  0.00	20	0	S	2955861	                    Endlipuvirus intestinihominis
  0.00	20	20	S1	2986404	                      uncultured phage cr17_1
  0.00	15	0	F1	2942976	                Obtuvirinae
  0.00	15	0	G	2948709	                  Fohxhuevirus
  0.00	15	0	S	2955907	                    Fohxhuevirus gastrointestinalis
  0.00	15	15	S1	2772068	                      uncultured phage cr8_1
  0.00	16	0	F	2942966	              Suoliviridae
  0.00	11	0	F1	2942974	                Loutivirinae
  0.00	11	0	G	2942993	                  Blohavirus
  0.00	11	0	S	2955511	                    Blohavirus faecalis
  0.00	11	11	S1	2986413	                      uncultured phage cr150_1
  0.00	2	0	F1	2942969	                Boorivirinae
  0.00	2	0	G	2942991	                  Cohcovirus
  0.00	2	0	S	2955712	                    Cohcovirus splanchnicus
  0.00	2	2	S1	2986411	                      uncultured phage cr30_1
  0.00	2	0	F1	2942975	                Oafivirinae
  0.00	2	0	G	2948645	                  Burzaovirus
  0.00	2	0	S	2955561	                    Burzaovirus faecalis
  0.00	2	2	S1	2772090	                      uncultured phage cr124_1
  0.00	1	0	F1	2942968	                Bearivirinae
  0.00	1	0	G	2942989	                  Afonbuvirus
  0.00	1	0	S	2955233	                    Afonbuvirus faecalis
  0.00	1	1	S1	2772085	                      uncultured phage cr6_1
  0.00	5	0	F	2942963	              Crevaviridae
  0.00	5	0	F1	2942971	                Coarsevirinae
  0.00	5	0	G	2948774	                  Junduvirus
  0.00	3	0	S	2956034	                    Junduvirus communis
  0.00	3	3	S1	2986394	                      uncultured phage cr2_1
  0.00	2	0	S	2956035	                    Junduvirus copri
  0.00	2	2	S1	2986395	                      uncultured phage cr25_1
  0.03	9430	0	F	3152129	            Konodaiviridae
  0.03	9430	0	G	3152959	              Satomivirus
  0.03	9430	9430	S	3432268	                Satomivirus wayo
  0.00	1472	0	G	2733097	            Brigitvirus
  0.00	1472	0	S	2734096	              Brigitvirus brigit
  0.00	1472	1472	S1	2070181	                Faecalibacterium phage FP_Brigit
  0.00	212	0	G	2733138	            Toutatisvirus
  0.00	212	0	S	2734150	              Toutatisvirus toutatis
  0.00	212	212	S1	2070187	                Faecalibacterium phage FP_Toutatis
  0.00	15	0	G	2733134	            Taranisvirus
  0.00	15	0	S	2734146	              Taranisvirus taranis
  0.00	15	15	S1	2070186	                Faecalibacterium phage FP_Taranis
  0.00	3	0	G	2733199	            Oengusvirus
  0.00	3	0	S	2734262	              Oengusvirus oengus
  0.00	3	3	S1	2070188	                Faecalibacterium phage FP_oengus
  0.00	2	2	G	1982251	            Pahexavirus
  0.00	1	0	G	2733103	            Eponavirus
  0.00	1	0	S	2734105	              Eponavirus epona
  0.00	1	1	S1	2070182	                Faecalibacterium phage FP_Epona
